{"cameraMode":{"drawMode":0,"name":"Shaded","section":"Shading Mode"},"sceneLighting":true,"audioPlay":false,"sceneViewState":{"m_AlwaysRefresh":false,"showFog":true,"showSkybox":true,"showFlares":true,"showImageEffects":true,"showParticleSystems":true,"showVisualEffectGraphs":true,"m_FxEnabled":true},"in2DMode":false,"pivot":{"x":559.782470703125,"y":249.6352996826172,"z":-427.6105041503906},"rotation":{"x":-0.07367187738418579,"y":-0.04300358518958092,"z":0.0033663478679955007,"w":-0.9964492917060852},"size":10.876067161560059,"orthographic":false}